<?xml version="1.0"?>

<PropertyList>
	<generic>
		<input>
			<binary_mode>true</binary_mode>
			<binary_footer>none</binary_footer>
			<byte_order>host</byte_order>
			<record_length>52</record_length>

			<chunk>
				<name>x</name>
				<type>double</type>
				<node>/sim/current-view/x-offset-m</node>
			</chunk>

			<chunk>
				<name>y</name>
				<type>double</type>
				<node>/sim/current-view/y-offset-m</node>
			</chunk>

			<chunk>
				<name>z</name>
				<type>double</type>
				<node>/sim/current-view/z-offset-m</node>
			</chunk>

			<chunk>
				<name>heading</name>
				<type>double</type>
				<node>/sim/current-view/heading-offset-deg</node>
			</chunk>

			<chunk>
				<name>pitch</name>
				<type>double</type>
				<node>/sim/current-view/pitch-offset-deg</node>
			</chunk>

			<chunk>
				<name>roll</name>
				<type>double</type>
				<node>/sim/current-view/roll-offset-deg</node>
			</chunk>

			<chunk>
				<name>status</name>
				<type>int</type>
				<node>/sim/current-view/headtracker-debug-status</node>
			</chunk>
		</input>
	</generic>
</PropertyList>
